story_id,title,status,image_path
"butter","The Butter Thief","final-existing-artwork","/images/stories/butter-thief.png"
"kaliya","Dancing on Kaliya","final-existing-artwork","/images/stories/kaliya.png"
"govardhan","Lifting Govardhan","final-existing-artwork","/images/stories/govardhan.png"
"flute","The Song of the Flute","final-existing-artwork","/images/stories/flute.png"
"sudama","Krishna & Sudama","final-existing-artwork","/images/stories/sudama.png"
"universe","The Universe Within","final-existing-artwork","/images/stories/universe.png"
"damodara","Yashoda's Rope","ancient-book-style-artwork","/images/stories/manuscript/damodara.svg"
"fruit-seller","The Fruit Seller's Gift","ancient-book-style-artwork","/images/stories/manuscript/fruit-seller.svg"
"brahma","Brahma Learns a Lesson","ancient-book-style-artwork","/images/stories/manuscript/brahma.svg"
"forest-fire","The Forest Fire","ancient-book-style-artwork","/images/stories/manuscript/forest-fire.svg"
"little-leela-011","Gopala and the hidden sweet","ancient-book-style-artwork","/images/stories/manuscript/little-leela-011.svg"
"little-leela-012","Govinda and the muddy path","ancient-book-style-artwork","/images/stories/manuscript/little-leela-012.svg"
"little-leela-013","Keshava and the evening lamp","ancient-book-style-artwork","/images/stories/manuscript/little-leela-013.svg"
"little-leela-014","Hari and the shy song","ancient-book-style-artwork","/images/stories/manuscript/little-leela-014.svg"
"little-leela-015","Shyam and the forgotten promise","ancient-book-style-artwork","/images/stories/manuscript/little-leela-015.svg"
"little-leela-016","Murari and the dusty flute","ancient-book-style-artwork","/images/stories/manuscript/little-leela-016.svg"
"little-leela-017","Nanda-lala and the hungry guest","ancient-book-style-artwork","/images/stories/manuscript/little-leela-017.svg"
"little-leela-018","Damodara and the quiet prayer","ancient-book-style-artwork","/images/stories/manuscript/little-leela-018.svg"
"little-leela-019","Mohan and the lonely friend","ancient-book-style-artwork","/images/stories/manuscript/little-leela-019.svg"
"little-leela-020","Madhava and the lost calf","ancient-book-style-artwork","/images/stories/manuscript/little-leela-020.svg"
"little-leela-021","Gopala and the shared meal","ancient-book-style-artwork","/images/stories/manuscript/little-leela-021.svg"
"little-leela-022","Govinda and the small quarrel","ancient-book-style-artwork","/images/stories/manuscript/little-leela-022.svg"
"little-leela-023","Keshava and the child in tears","ancient-book-style-artwork","/images/stories/manuscript/little-leela-023.svg"
"little-leela-024","Hari and the broken toy","ancient-book-style-artwork","/images/stories/manuscript/little-leela-024.svg"
"little-leela-025","Shyam and the tangled garland","ancient-book-style-artwork","/images/stories/manuscript/little-leela-025.svg"
"little-leela-026","Murari and the bright morning","ancient-book-style-artwork","/images/stories/manuscript/little-leela-026.svg"
"little-leela-027","Nanda-lala and the cracked water pot","ancient-book-style-artwork","/images/stories/manuscript/little-leela-027.svg"
"little-leela-028","Damodara and the sudden storm","ancient-book-style-artwork","/images/stories/manuscript/little-leela-028.svg"
"little-leela-029","Mohan and the basket of flowers","ancient-book-style-artwork","/images/stories/manuscript/little-leela-029.svg"
"little-leela-030","Madhava and the tired elder","ancient-book-style-artwork","/images/stories/manuscript/little-leela-030.svg"
"little-leela-031","Gopala and the hidden sweet","ancient-book-style-artwork","/images/stories/manuscript/little-leela-031.svg"
"little-leela-032","Govinda and the muddy path","ancient-book-style-artwork","/images/stories/manuscript/little-leela-032.svg"
"little-leela-033","Keshava and the evening lamp","ancient-book-style-artwork","/images/stories/manuscript/little-leela-033.svg"
"little-leela-034","Hari and the shy song","ancient-book-style-artwork","/images/stories/manuscript/little-leela-034.svg"
"little-leela-035","Shyam and the forgotten promise","ancient-book-style-artwork","/images/stories/manuscript/little-leela-035.svg"
"little-leela-036","Murari and the dusty flute","ancient-book-style-artwork","/images/stories/manuscript/little-leela-036.svg"
"little-leela-037","Nanda-lala and the hungry guest","ancient-book-style-artwork","/images/stories/manuscript/little-leela-037.svg"
"little-leela-038","Damodara and the quiet prayer","ancient-book-style-artwork","/images/stories/manuscript/little-leela-038.svg"
"little-leela-039","Mohan and the lonely friend","ancient-book-style-artwork","/images/stories/manuscript/little-leela-039.svg"
"little-leela-040","Madhava and the lost calf","ancient-book-style-artwork","/images/stories/manuscript/little-leela-040.svg"
"little-leela-041","Gopala and the shared meal","ancient-book-style-artwork","/images/stories/manuscript/little-leela-041.svg"
"little-leela-042","Govinda and the small quarrel","ancient-book-style-artwork","/images/stories/manuscript/little-leela-042.svg"
"little-leela-043","Keshava and the child in tears","ancient-book-style-artwork","/images/stories/manuscript/little-leela-043.svg"
"little-leela-044","Hari and the broken toy","ancient-book-style-artwork","/images/stories/manuscript/little-leela-044.svg"
"little-leela-045","Shyam and the tangled garland","ancient-book-style-artwork","/images/stories/manuscript/little-leela-045.svg"
"little-leela-046","Murari and the bright morning","ancient-book-style-artwork","/images/stories/manuscript/little-leela-046.svg"
"little-leela-047","Nanda-lala and the cracked water pot","ancient-book-style-artwork","/images/stories/manuscript/little-leela-047.svg"
"little-leela-048","Damodara and the sudden storm","ancient-book-style-artwork","/images/stories/manuscript/little-leela-048.svg"
"little-leela-049","Mohan and the basket of flowers","ancient-book-style-artwork","/images/stories/manuscript/little-leela-049.svg"
"little-leela-050","Madhava and the tired elder","ancient-book-style-artwork","/images/stories/manuscript/little-leela-050.svg"
"little-leela-051","Gopala and the hidden sweet","ancient-book-style-artwork","/images/stories/manuscript/little-leela-051.svg"
"little-leela-052","Govinda and the muddy path","ancient-book-style-artwork","/images/stories/manuscript/little-leela-052.svg"
"little-leela-053","Keshava and the evening lamp","ancient-book-style-artwork","/images/stories/manuscript/little-leela-053.svg"
"little-leela-054","Hari and the shy song","ancient-book-style-artwork","/images/stories/manuscript/little-leela-054.svg"
"little-leela-055","Shyam and the forgotten promise","ancient-book-style-artwork","/images/stories/manuscript/little-leela-055.svg"
"little-leela-056","Murari and the dusty flute","ancient-book-style-artwork","/images/stories/manuscript/little-leela-056.svg"
"little-leela-057","Nanda-lala and the hungry guest","ancient-book-style-artwork","/images/stories/manuscript/little-leela-057.svg"
"little-leela-058","Damodara and the quiet prayer","ancient-book-style-artwork","/images/stories/manuscript/little-leela-058.svg"
"little-leela-059","Mohan and the lonely friend","ancient-book-style-artwork","/images/stories/manuscript/little-leela-059.svg"
"little-leela-060","Madhava and the lost calf","ancient-book-style-artwork","/images/stories/manuscript/little-leela-060.svg"
"little-leela-061","Gopala and the shared meal","ancient-book-style-artwork","/images/stories/manuscript/little-leela-061.svg"
"little-leela-062","Govinda and the small quarrel","ancient-book-style-artwork","/images/stories/manuscript/little-leela-062.svg"
"little-leela-063","Keshava and the child in tears","ancient-book-style-artwork","/images/stories/manuscript/little-leela-063.svg"
"little-leela-064","Hari and the broken toy","ancient-book-style-artwork","/images/stories/manuscript/little-leela-064.svg"
"little-leela-065","Shyam and the tangled garland","ancient-book-style-artwork","/images/stories/manuscript/little-leela-065.svg"
"little-leela-066","Murari and the bright morning","ancient-book-style-artwork","/images/stories/manuscript/little-leela-066.svg"
"little-leela-067","Nanda-lala and the cracked water pot","ancient-book-style-artwork","/images/stories/manuscript/little-leela-067.svg"
"little-leela-068","Damodara and the sudden storm","ancient-book-style-artwork","/images/stories/manuscript/little-leela-068.svg"
"little-leela-069","Mohan and the basket of flowers","ancient-book-style-artwork","/images/stories/manuscript/little-leela-069.svg"
"little-leela-070","Madhava and the tired elder","ancient-book-style-artwork","/images/stories/manuscript/little-leela-070.svg"
"little-leela-071","Gopala and the hidden sweet","ancient-book-style-artwork","/images/stories/manuscript/little-leela-071.svg"
"little-leela-072","Govinda and the muddy path","ancient-book-style-artwork","/images/stories/manuscript/little-leela-072.svg"
"little-leela-073","Keshava and the evening lamp","ancient-book-style-artwork","/images/stories/manuscript/little-leela-073.svg"
"little-leela-074","Hari and the shy song","ancient-book-style-artwork","/images/stories/manuscript/little-leela-074.svg"
"little-leela-075","Shyam and the forgotten promise","ancient-book-style-artwork","/images/stories/manuscript/little-leela-075.svg"
"little-leela-076","Murari and the dusty flute","ancient-book-style-artwork","/images/stories/manuscript/little-leela-076.svg"
"little-leela-077","Nanda-lala and the hungry guest","ancient-book-style-artwork","/images/stories/manuscript/little-leela-077.svg"
"little-leela-078","Damodara and the quiet prayer","ancient-book-style-artwork","/images/stories/manuscript/little-leela-078.svg"
"little-leela-079","Mohan and the lonely friend","ancient-book-style-artwork","/images/stories/manuscript/little-leela-079.svg"
"little-leela-080","Madhava and the lost calf","ancient-book-style-artwork","/images/stories/manuscript/little-leela-080.svg"
"little-leela-081","Gopala and the shared meal","ancient-book-style-artwork","/images/stories/manuscript/little-leela-081.svg"
"little-leela-082","Govinda and the small quarrel","ancient-book-style-artwork","/images/stories/manuscript/little-leela-082.svg"
"little-leela-083","Keshava and the child in tears","ancient-book-style-artwork","/images/stories/manuscript/little-leela-083.svg"
"little-leela-084","Hari and the broken toy","ancient-book-style-artwork","/images/stories/manuscript/little-leela-084.svg"
"little-leela-085","Shyam and the tangled garland","ancient-book-style-artwork","/images/stories/manuscript/little-leela-085.svg"
"little-leela-086","Murari and the bright morning","ancient-book-style-artwork","/images/stories/manuscript/little-leela-086.svg"
"little-leela-087","Nanda-lala and the cracked water pot","ancient-book-style-artwork","/images/stories/manuscript/little-leela-087.svg"
"little-leela-088","Damodara and the sudden storm","ancient-book-style-artwork","/images/stories/manuscript/little-leela-088.svg"
"little-leela-089","Mohan and the basket of flowers","ancient-book-style-artwork","/images/stories/manuscript/little-leela-089.svg"
"little-leela-090","Madhava and the tired elder","ancient-book-style-artwork","/images/stories/manuscript/little-leela-090.svg"
"little-leela-091","Gopala and the hidden sweet","ancient-book-style-artwork","/images/stories/manuscript/little-leela-091.svg"
"little-leela-092","Govinda and the muddy path","ancient-book-style-artwork","/images/stories/manuscript/little-leela-092.svg"
"little-leela-093","Keshava and the evening lamp","ancient-book-style-artwork","/images/stories/manuscript/little-leela-093.svg"
"little-leela-094","Hari and the shy song","ancient-book-style-artwork","/images/stories/manuscript/little-leela-094.svg"
"little-leela-095","Shyam and the forgotten promise","ancient-book-style-artwork","/images/stories/manuscript/little-leela-095.svg"
"little-leela-096","Murari and the dusty flute","ancient-book-style-artwork","/images/stories/manuscript/little-leela-096.svg"
"little-leela-097","Nanda-lala and the hungry guest","ancient-book-style-artwork","/images/stories/manuscript/little-leela-097.svg"
"little-leela-098","Damodara and the quiet prayer","ancient-book-style-artwork","/images/stories/manuscript/little-leela-098.svg"
"little-leela-099","Mohan and the lonely friend","ancient-book-style-artwork","/images/stories/manuscript/little-leela-099.svg"
"little-leela-100","Madhava and the lost calf","ancient-book-style-artwork","/images/stories/manuscript/little-leela-100.svg"
"little-leela-101","Gopala and the shared meal","ancient-book-style-artwork","/images/stories/manuscript/little-leela-101.svg"
"little-leela-102","Govinda and the small quarrel","ancient-book-style-artwork","/images/stories/manuscript/little-leela-102.svg"
"little-leela-103","Keshava and the child in tears","ancient-book-style-artwork","/images/stories/manuscript/little-leela-103.svg"
"little-leela-104","Hari and the broken toy","ancient-book-style-artwork","/images/stories/manuscript/little-leela-104.svg"
"little-leela-105","Shyam and the tangled garland","ancient-book-style-artwork","/images/stories/manuscript/little-leela-105.svg"
"little-leela-106","Murari and the bright morning","ancient-book-style-artwork","/images/stories/manuscript/little-leela-106.svg"
"little-leela-107","Nanda-lala and the cracked water pot","ancient-book-style-artwork","/images/stories/manuscript/little-leela-107.svg"
"little-leela-108","Damodara and the sudden storm","ancient-book-style-artwork","/images/stories/manuscript/little-leela-108.svg"
"little-leela-109","Mohan and the basket of flowers","ancient-book-style-artwork","/images/stories/manuscript/little-leela-109.svg"
"little-leela-110","Madhava and the tired elder","ancient-book-style-artwork","/images/stories/manuscript/little-leela-110.svg"
"little-leela-111","Gopala and the hidden sweet","ancient-book-style-artwork","/images/stories/manuscript/little-leela-111.svg"
"little-leela-112","Govinda and the muddy path","ancient-book-style-artwork","/images/stories/manuscript/little-leela-112.svg"
"little-leela-113","Keshava and the evening lamp","ancient-book-style-artwork","/images/stories/manuscript/little-leela-113.svg"
"little-leela-114","Hari and the shy song","ancient-book-style-artwork","/images/stories/manuscript/little-leela-114.svg"
"little-leela-115","Shyam and the forgotten promise","ancient-book-style-artwork","/images/stories/manuscript/little-leela-115.svg"
"little-leela-116","Murari and the dusty flute","ancient-book-style-artwork","/images/stories/manuscript/little-leela-116.svg"
"little-leela-117","Nanda-lala and the hungry guest","ancient-book-style-artwork","/images/stories/manuscript/little-leela-117.svg"
"little-leela-118","Damodara and the quiet prayer","ancient-book-style-artwork","/images/stories/manuscript/little-leela-118.svg"
"little-leela-119","Mohan and the lonely friend","ancient-book-style-artwork","/images/stories/manuscript/little-leela-119.svg"
"little-leela-120","Madhava and the lost calf","ancient-book-style-artwork","/images/stories/manuscript/little-leela-120.svg"
"little-leela-121","Gopala and the shared meal","ancient-book-style-artwork","/images/stories/manuscript/little-leela-121.svg"
"little-leela-122","Govinda and the small quarrel","ancient-book-style-artwork","/images/stories/manuscript/little-leela-122.svg"
"little-leela-123","Keshava and the child in tears","ancient-book-style-artwork","/images/stories/manuscript/little-leela-123.svg"
"little-leela-124","Hari and the broken toy","ancient-book-style-artwork","/images/stories/manuscript/little-leela-124.svg"
"little-leela-125","Shyam and the tangled garland","ancient-book-style-artwork","/images/stories/manuscript/little-leela-125.svg"
"little-leela-126","Murari and the bright morning","ancient-book-style-artwork","/images/stories/manuscript/little-leela-126.svg"
"little-leela-127","Nanda-lala and the cracked water pot","ancient-book-style-artwork","/images/stories/manuscript/little-leela-127.svg"
"little-leela-128","Damodara and the sudden storm","ancient-book-style-artwork","/images/stories/manuscript/little-leela-128.svg"
"little-leela-129","Mohan and the basket of flowers","ancient-book-style-artwork","/images/stories/manuscript/little-leela-129.svg"
"little-leela-130","Madhava and the tired elder","ancient-book-style-artwork","/images/stories/manuscript/little-leela-130.svg"
"little-leela-131","Gopala and the hidden sweet","ancient-book-style-artwork","/images/stories/manuscript/little-leela-131.svg"
"little-leela-132","Govinda and the muddy path","ancient-book-style-artwork","/images/stories/manuscript/little-leela-132.svg"
"little-leela-133","Keshava and the evening lamp","ancient-book-style-artwork","/images/stories/manuscript/little-leela-133.svg"
"little-leela-134","Hari and the shy song","ancient-book-style-artwork","/images/stories/manuscript/little-leela-134.svg"
"little-leela-135","Shyam and the forgotten promise","ancient-book-style-artwork","/images/stories/manuscript/little-leela-135.svg"
"little-leela-136","Murari and the dusty flute","ancient-book-style-artwork","/images/stories/manuscript/little-leela-136.svg"
"little-leela-137","Nanda-lala and the hungry guest","ancient-book-style-artwork","/images/stories/manuscript/little-leela-137.svg"
"little-leela-138","Damodara and the quiet prayer","ancient-book-style-artwork","/images/stories/manuscript/little-leela-138.svg"
"little-leela-139","Mohan and the lonely friend","ancient-book-style-artwork","/images/stories/manuscript/little-leela-139.svg"
"little-leela-140","Madhava and the lost calf","ancient-book-style-artwork","/images/stories/manuscript/little-leela-140.svg"
"little-leela-141","Gopala and the shared meal","ancient-book-style-artwork","/images/stories/manuscript/little-leela-141.svg"
"little-leela-142","Govinda and the small quarrel","ancient-book-style-artwork","/images/stories/manuscript/little-leela-142.svg"
"little-leela-143","Keshava and the child in tears","ancient-book-style-artwork","/images/stories/manuscript/little-leela-143.svg"
"little-leela-144","Hari and the broken toy","ancient-book-style-artwork","/images/stories/manuscript/little-leela-144.svg"
"little-leela-145","Shyam and the tangled garland","ancient-book-style-artwork","/images/stories/manuscript/little-leela-145.svg"
"little-leela-146","Murari and the bright morning","ancient-book-style-artwork","/images/stories/manuscript/little-leela-146.svg"
"little-leela-147","Nanda-lala and the cracked water pot","ancient-book-style-artwork","/images/stories/manuscript/little-leela-147.svg"
"little-leela-148","Damodara and the sudden storm","ancient-book-style-artwork","/images/stories/manuscript/little-leela-148.svg"
"little-leela-149","Mohan and the basket of flowers","ancient-book-style-artwork","/images/stories/manuscript/little-leela-149.svg"
"little-leela-150","Madhava and the tired elder","ancient-book-style-artwork","/images/stories/manuscript/little-leela-150.svg"
"little-leela-151","Gopala and the hidden sweet","ancient-book-style-artwork","/images/stories/manuscript/little-leela-151.svg"
"little-leela-152","Govinda and the muddy path","ancient-book-style-artwork","/images/stories/manuscript/little-leela-152.svg"
"little-leela-153","Keshava and the evening lamp","ancient-book-style-artwork","/images/stories/manuscript/little-leela-153.svg"
"little-leela-154","Hari and the shy song","ancient-book-style-artwork","/images/stories/manuscript/little-leela-154.svg"
"little-leela-155","Shyam and the forgotten promise","ancient-book-style-artwork","/images/stories/manuscript/little-leela-155.svg"
"little-leela-156","Murari and the dusty flute","ancient-book-style-artwork","/images/stories/manuscript/little-leela-156.svg"
"little-leela-157","Nanda-lala and the hungry guest","ancient-book-style-artwork","/images/stories/manuscript/little-leela-157.svg"
"little-leela-158","Damodara and the quiet prayer","ancient-book-style-artwork","/images/stories/manuscript/little-leela-158.svg"
"little-leela-159","Mohan and the lonely friend","ancient-book-style-artwork","/images/stories/manuscript/little-leela-159.svg"
"little-leela-160","Madhava and the lost calf","ancient-book-style-artwork","/images/stories/manuscript/little-leela-160.svg"
"little-leela-161","Gopala and the shared meal","ancient-book-style-artwork","/images/stories/manuscript/little-leela-161.svg"
"little-leela-162","Govinda and the small quarrel","ancient-book-style-artwork","/images/stories/manuscript/little-leela-162.svg"
"little-leela-163","Keshava and the child in tears","ancient-book-style-artwork","/images/stories/manuscript/little-leela-163.svg"
"little-leela-164","Hari and the broken toy","ancient-book-style-artwork","/images/stories/manuscript/little-leela-164.svg"
"little-leela-165","Shyam and the tangled garland","ancient-book-style-artwork","/images/stories/manuscript/little-leela-165.svg"
"little-leela-166","Murari and the bright morning","ancient-book-style-artwork","/images/stories/manuscript/little-leela-166.svg"
"little-leela-167","Nanda-lala and the cracked water pot","ancient-book-style-artwork","/images/stories/manuscript/little-leela-167.svg"
"little-leela-168","Damodara and the sudden storm","ancient-book-style-artwork","/images/stories/manuscript/little-leela-168.svg"
"little-leela-169","Mohan and the basket of flowers","ancient-book-style-artwork","/images/stories/manuscript/little-leela-169.svg"
"little-leela-170","Madhava and the tired elder","ancient-book-style-artwork","/images/stories/manuscript/little-leela-170.svg"
"little-leela-171","Gopala and the hidden sweet","ancient-book-style-artwork","/images/stories/manuscript/little-leela-171.svg"
"little-leela-172","Govinda and the muddy path","ancient-book-style-artwork","/images/stories/manuscript/little-leela-172.svg"
"little-leela-173","Keshava and the evening lamp","ancient-book-style-artwork","/images/stories/manuscript/little-leela-173.svg"
"little-leela-174","Hari and the shy song","ancient-book-style-artwork","/images/stories/manuscript/little-leela-174.svg"
"little-leela-175","Shyam and the forgotten promise","ancient-book-style-artwork","/images/stories/manuscript/little-leela-175.svg"
"little-leela-176","Murari and the dusty flute","ancient-book-style-artwork","/images/stories/manuscript/little-leela-176.svg"
"little-leela-177","Nanda-lala and the hungry guest","ancient-book-style-artwork","/images/stories/manuscript/little-leela-177.svg"
"little-leela-178","Damodara and the quiet prayer","ancient-book-style-artwork","/images/stories/manuscript/little-leela-178.svg"
"little-leela-179","Mohan and the lonely friend","ancient-book-style-artwork","/images/stories/manuscript/little-leela-179.svg"
"little-leela-180","Madhava and the lost calf","ancient-book-style-artwork","/images/stories/manuscript/little-leela-180.svg"
"little-leela-181","Gopala and the shared meal","ancient-book-style-artwork","/images/stories/manuscript/little-leela-181.svg"
"little-leela-182","Govinda and the small quarrel","ancient-book-style-artwork","/images/stories/manuscript/little-leela-182.svg"
"little-leela-183","Keshava and the child in tears","ancient-book-style-artwork","/images/stories/manuscript/little-leela-183.svg"
"little-leela-184","Hari and the broken toy","ancient-book-style-artwork","/images/stories/manuscript/little-leela-184.svg"
"little-leela-185","Shyam and the tangled garland","ancient-book-style-artwork","/images/stories/manuscript/little-leela-185.svg"
"little-leela-186","Murari and the bright morning","ancient-book-style-artwork","/images/stories/manuscript/little-leela-186.svg"
"little-leela-187","Nanda-lala and the cracked water pot","ancient-book-style-artwork","/images/stories/manuscript/little-leela-187.svg"
"little-leela-188","Damodara and the sudden storm","ancient-book-style-artwork","/images/stories/manuscript/little-leela-188.svg"
"little-leela-189","Mohan and the basket of flowers","ancient-book-style-artwork","/images/stories/manuscript/little-leela-189.svg"
"little-leela-190","Madhava and the tired elder","ancient-book-style-artwork","/images/stories/manuscript/little-leela-190.svg"
"little-leela-191","Gopala and the hidden sweet","ancient-book-style-artwork","/images/stories/manuscript/little-leela-191.svg"
"little-leela-192","Govinda and the muddy path","ancient-book-style-artwork","/images/stories/manuscript/little-leela-192.svg"
"little-leela-193","Keshava and the evening lamp","ancient-book-style-artwork","/images/stories/manuscript/little-leela-193.svg"
"little-leela-194","Hari and the shy song","ancient-book-style-artwork","/images/stories/manuscript/little-leela-194.svg"
"little-leela-195","Shyam and the forgotten promise","ancient-book-style-artwork","/images/stories/manuscript/little-leela-195.svg"
"little-leela-196","Murari and the dusty flute","ancient-book-style-artwork","/images/stories/manuscript/little-leela-196.svg"
"little-leela-197","Nanda-lala and the hungry guest","ancient-book-style-artwork","/images/stories/manuscript/little-leela-197.svg"
"little-leela-198","Damodara and the quiet prayer","ancient-book-style-artwork","/images/stories/manuscript/little-leela-198.svg"
"little-leela-199","Mohan and the lonely friend","ancient-book-style-artwork","/images/stories/manuscript/little-leela-199.svg"
"little-leela-200","Madhava and the lost calf","ancient-book-style-artwork","/images/stories/manuscript/little-leela-200.svg"
